{
  "SVC": 0.8698060941828255,
  "LR": 0.8919667590027701,
  "KNN": 0.7728531855955678,
  "DT": 0.832409972299169,
  "RF": 0.9002770083102493,
  "ADA": 0.6814404432132964,
  "GB": 0.8961218836565097,
  "VOTE": 0.9016620498614959
}