{
  "SVC": 0.8642659279778393,
  "LR": 0.8988919667590027,
  "KNN": 0.8102493074792244,
  "DT": 0.8282548476454293,
  "RF": 0.9002770083102493,
  "ADA": 0.5526315789473685,
  "GB": 0.889196675900277,
  "VOTE": 0.8947368421052632
}