{
  "Support Vector Machine": 0.7020776166209329,
  "Logistic Regression": 0.7585260682085456,
  "k-Nearest Neighbors": 0.6683653469227754,
  "Decision Tree": 0.715405723245786,
  "Random Forest": 0.7538220305762446,
  "Gradient Boosting": 0.7459819678557429,
  "Voting_RF_GB_KNN": 0.7593100744805958
}