{
  "SVC": 0.8573407202216067,
  "LR": 0.8850415512465374,
  "KNN": 0.8074792243767313,
  "DT": 0.817174515235457,
  "RF": 0.8961218836565097,
  "ADA": 0.1925207756232687,
  "GB": 0.8905817174515236,
  "VOTE": 0.9002770083102493
}