{
  "Support Vector Machine": 0.7059976479811838,
  "Logistic Regression": 0.7542140337122697,
  "k-Nearest Neighbors": 0.662485299882399,
  "Decision Tree": 0.7130537044296354,
  "Random Forest": 0.7530380243041944,
  "Gradient Boosting": 0.7538220305762446,
  "Voting_RF_GB_KNN": 0.7585260682085456
}