feature,mean_abs_shap,model
categ_1,0.029620680248103663,Voting_RF_GB_KNN
categ_0,0.029455688220371697,Voting_RF_GB_KNN
categ_4,0.029099124077343566,Voting_RF_GB_KNN
categ_2,0.025304684298836526,Voting_RF_GB_KNN
mean,0.02237534006729959,Voting_RF_GB_KNN
categ_3,0.020324840775797628,Voting_RF_GB_KNN
