{
  "SVC": 0.8601108033240997,
  "LR": 0.9016620498614959,
  "KNN": 0.7936288088642659,
  "DT": 0.8199445983379502,
  "RF": 0.8961218836565097,
  "ADA": 0.5443213296398892,
  "GB": 0.8961218836565097,
  "VOTE": 0.9016620498614959
}