{
  "Support Vector Machine": 0.7083496667973344,
  "Logistic Regression": 0.7620540964327714,
  "k-Nearest Neighbors": 0.6789494315954527,
  "Decision Tree": 0.7224617796942375,
  "Random Forest": 0.7589180713445708,
  "Gradient Boosting": 0.7538220305762446,
  "Voting_RF_GB_KNN": 0.7620540964327714
}