{
  "Support Vector Machine": 0.7079576636613093,
  "Logistic Regression": 0.7549980399843199,
  "k-Nearest Neighbors": 0.6671893375147001,
  "Decision Tree": 0.6942375539004312,
  "Random Forest": 0.751078008624069,
  "Gradient Boosting": 0.7499019992159938,
  "Voting_RF_GB_KNN": 0.7561740493923952
}