{
  "SVC": 0.8822714681440443,
  "LR": 0.8975069252077562,
  "KNN": 0.814404432132964,
  "DT": 0.8462603878116344,
  "RF": 0.9002770083102493,
  "ADA": 0.6121883656509696,
  "GB": 0.8947368421052632,
  "VOTE": 0.907202216066482
}