{
  "SVC": 0.8670360110803325,
  "LR": 0.9044321329639889,
  "KNN": 0.7867036011080333,
  "DT": 0.8490304709141274,
  "RF": 0.9016620498614959,
  "ADA": 0.6814404432132964,
  "GB": 0.8988919667590027,
  "VOTE": 0.9044321329639889
}