{
  "SVC": 0.8601108033240997,
  "LR": 0.9044321329639889,
  "KNN": 0.8060941828254847,
  "DT": 0.8518005540166205,
  "RF": 0.9002770083102493,
  "ADA": 0.7160664819944599,
  "GB": 0.9030470914127424,
  "VOTE": 0.9002770083102493
}