{
  "SVC": 0.8628808864265928,
  "LR": 0.907202216066482,
  "KNN": 0.8033240997229917,
  "DT": 0.868421052631579,
  "RF": 0.9141274238227147,
  "ADA": 0.3559556786703601,
  "GB": 0.9182825484764543,
  "VOTE": 0.9182825484764543
}