{
  "Support Vector Machine": 0.7114856918855351,
  "Logistic Regression": 0.7522540180321443,
  "k-Nearest Neighbors": 0.6703253626029009,
  "Decision Tree": 0.7071736573892591,
  "Random Forest": 0.746765974127793,
  "Gradient Boosting": 0.746765974127793,
  "Voting_RF_GB_KNN": 0.7581340650725206
}